Player,Lg,MVP_Count,MVP_Seasons,ROY_Season,DPOY_Count,DPOY_Seasons,MIP_Count,MIP_Seasons,SMOY_Count,SMOY_Seasons,Finals_MVP_Count,Finals_MVP_Seasons
Kareem Abdul-Jabbar,NBA,6.0,"1979-80, 1976-77, 1975-76, 1973-74, 1971-72, 1970-71",1969-70,,,,,,,2.0,"1984-85, 1970-71"
Michael Jordan,NBA,5.0,"1997-98, 1995-96, 1991-92, 1990-91, 1987-88",1984-85,1.0,1987-88,,,,,6.0,"1997-98, 1996-97, 1995-96, 1992-93, 1991-92, 1990-91"
Bill Russell,NBA,5.0,"1964-65, 1962-63, 1961-62, 1960-61, 1957-58",,,,,,,,,
Wilt Chamberlain,NBA,4.0,"1967-68, 1966-67, 1965-66, 1959-60",1959-60,,,,,,,1.0,1971-72
LeBron James,NBA,4.0,"2012-13, 2011-12, 2009-10, 2008-09",2003-04,,,,,,,4.0,"2019-20, 2015-16, 2012-13, 2011-12"
Larry Bird,NBA,3.0,"1985-86, 1984-85, 1983-84",1979-80,,,,,,,2.0,"1985-86, 1983-84"
Julius Erving,ABA,3.0,"1975-76, 1973-74",,,,,,,,,
Magic Johnson,NBA,3.0,"1989-90, 1988-89, 1986-87",,,,,,,,3.0,"1986-87, 1981-82, 1979-80"
Moses Malone,NBA,3.0,"1982-83, 1981-82, 1978-79",,,,,,,,1.0,1982-83
Giannis Antetokounmpo,NBA,2.0,"2019-20, 2018-19",,1.0,2019-20,1.0,2016-17,,,1.0,2020-21
Stephen Curry,NBA,2.0,"2015-16, 2014-15",,,,,,,,1.0,2021-22
Mel Daniels,ABA,2.0,"1970-71, 1968-69",1967-68,,,,,,,,
Tim Duncan,NBA,2.0,"2002-03, 2001-02",1997-98,,,,,,,3.0,"2004-05, 2002-03, 1998-99"
Nikola Jokić,NBA,2.0,"2021-22, 2020-21",,,,,,,,1.0,2022-23
Karl Malone,NBA,2.0,"1998-99, 1996-97",,,,,,,,,
Steve Nash,NBA,2.0,"2005-06, 2004-05",,,,,,,,,
Bob Pettit,NBA,2.0,"1958-59, 1955-56",1954-55,,,,,,,,
Charles Barkley,NBA,1.0,1992-93,,,,,,,,,
Kobe Bryant,NBA,1.0,2007-08,,,,,,,,2.0,"2009-10, 2008-09"
Bob Cousy,NBA,1.0,1956-57,,,,,,,,,
Dave Cowens,NBA,1.0,1972-73,,,,,,,,,
Billy Cunningham,ABA,1.0,1972-73,,,,,,,,,
Kevin Durant,NBA,1.0,2013-14,2007-08,,,,,,,2.0,"2017-18, 2016-17"
Joel Embiid,NBA,1.0,2022-23,,,,,,,,,
Julius Erving,NBA,1.0,1980-81,,,,,,,,,
Kevin Garnett,NBA,1.0,2003-04,,1.0,2007-08,,,,,,
Artis Gilmore,ABA,1.0,1971-72,1971-72,,,,,,,,
James Harden,NBA,1.0,2017-18,,,,,,1.0,2011-12,,
Connie Hawkins,ABA,1.0,1967-68,,,,,,,,,
Spencer Haywood,ABA,1.0,1969-70,1969-70,,,,,,,,
Allen Iverson,NBA,1.0,2000-01,1996-97,,,,,,,,
Bob McAdoo,NBA,1.0,1974-75,1972-73,,,,,,,,
George McGinnis,ABA,1.0,,,,,,,,,,
Dirk Nowitzki,NBA,1.0,2006-07,,,,,,,,1.0,2010-11
Shaquille O'Neal,NBA,1.0,1999-00,1992-93,,,,,,,3.0,"2001-02, 2000-01, 1999-00"
Hakeem Olajuwon,NBA,1.0,1993-94,,2.0,"1993-94, 1992-93",,,,,2.0,"1994-95, 1993-94"
Willis Reed,NBA,1.0,1969-70,1964-65,,,,,,,2.0,"1972-73, 1969-70"
Oscar Robertson,NBA,1.0,1963-64,1960-61,,,,,,,,
David Robinson,NBA,1.0,1994-95,1989-90,1.0,1991-92,,,,,,
Derrick Rose,NBA,1.0,2010-11,2008-09,,,,,,,,
Wes Unseld,NBA,1.0,1968-69,1968-69,,,,,,,1.0,1977-78
Bill Walton,NBA,1.0,1977-78,,,,,,1.0,1985-86,1.0,1976-77
Russell Westbrook,NBA,1.0,2016-17,,,,,,,,,
Paolo Banchero,NBA,,,2022-23,,,,,,,,
Scottie Barnes,NBA,,,2021-22,,,,,,,,
LaMelo Ball,NBA,,,2020-21,,,,,,,,
Ja Morant,NBA,,,2019-20,,,1.0,2021-22,,,,
Luka Dončić,NBA,,,2018-19,,,,,,,,
Ben Simmons,NBA,,,2017-18,,,,,,,,
Malcolm Brogdon,NBA,,,2016-17,,,,,1.0,2022-23,,
Karl-Anthony Towns,NBA,,,2015-16,,,,,,,,
Andrew Wiggins,NBA,,,2014-15,,,,,,,,
Michael Carter-Williams,NBA,,,2013-14,,,,,,,,
Damian Lillard,NBA,,,2012-13,,,,,,,,
Kyrie Irving,NBA,,,2011-12,,,,,,,,
Blake Griffin,NBA,,,2010-11,,,,,,,,
Tyreke Evans,NBA,,,2009-10,,,,,,,,
Brandon Roy,NBA,,,2006-07,,,,,,,,
Chris Paul,NBA,,,2005-06,,,,,,,,
Emeka Okafor,NBA,,,2004-05,,,,,,,,
Amar'e Stoudemire,NBA,,,2002-03,,,,,,,,
Pau Gasol,NBA,,,2001-02,,,,,,,,
Mike Miller,NBA,,,2000-01,,,,,1.0,2005-06,,
Steve Francis (Tie),NBA,,,1999-00,,,,,,,,
Elton Brand (Tie),NBA,,,1999-00,,,,,,,,
Vince Carter,NBA,,,1998-99,,,,,,,,
Damon Stoudamire,NBA,,,1995-96,,,,,,,,
Jason Kidd (Tie),NBA,,,1994-95,,,,,,,,
Grant Hill (Tie),NBA,,,1994-95,,,,,,,,
Chris Webber,NBA,,,1993-94,,,,,,,,
Larry Johnson,NBA,,,1991-92,,,,,,,,
Derrick Coleman,NBA,,,1990-91,,,,,,,,
Mitch Richmond,NBA,,,1988-89,,,,,,,,
Mark Jackson,NBA,,,1987-88,,,,,,,,
Chuck Person,NBA,,,1986-87,,,,,,,,
Patrick Ewing,NBA,,,1985-86,,,,,,,,
Ralph Sampson,NBA,,,1983-84,,,,,,,,
Terry Cummings,NBA,,,1982-83,,,,,,,,
Buck Williams,NBA,,,1981-82,,,,,,,,
Darrell Griffith,NBA,,,1980-81,,,,,,,,
Phil Ford,NBA,,,1978-79,,,,,,,,
Walter Davis,NBA,,,1977-78,,,,,,,,
Adrian Dantley,NBA,,,1976-77,,,,,,,,
Alvan Adams,NBA,,,1975-76,,,,,,,,
Jamaal Wilkes,NBA,,,1974-75,,,,,,,,
Ernie DiGregorio,NBA,,,1973-74,,,,,,,,
Sidney Wicks,NBA,,,1971-72,,,,,,,,
Geoff Petrie (Tie),NBA,,,1970-71,,,,,,,,
Dave Cowens (Tie),NBA,,,1970-71,,,,,,,,
Earl Monroe,NBA,,,1967-68,,,,,,,,
Dave Bing,NBA,,,1966-67,,,,,,,,
Rick Barry,NBA,,,1965-66,,,,,,,1.0,1974-75
Jerry Lucas,NBA,,,1963-64,,,,,,,,
Terry Dischinger,NBA,,,1962-63,,,,,,,,
Walt Bellamy,NBA,,,1961-62,,,,,,,,
Elgin Baylor,NBA,,,1958-59,,,,,,,,
Woody Sauldsberry,NBA,,,1957-58,,,,,,,,
Tom Heinsohn,NBA,,,1956-57,,,,,,,,
Maurice Stokes,NBA,,,1955-56,,,,,,,,
Ray Felix,NBA,,,1953-54,,,,,,,,
Monk Meineke,NBA,,,1952-53,,,,,,,,
Mel Hutchins (Tie) ,NBA,,,1951-52,,,,,,,,
Bill Tosheff (Tie) ,NBA,,,1951-52,,,,,,,,
Paul Arizin ,NBA,,,1950-51,,,,,,,,
Alex Groza ,NBA,,,1949-50,,,,,,,,
Howie Shannon ,BAA,,,1948-49,,,,,,,,
Paul Hoffman ,BAA,,,1947-48,,,,,,,,
David Thompson,ABA,,,1975-76,,,,,,,,
Marvin Barnes,ABA,,,1974-75,,,,,,,,
Swen Nater,ABA,,,1973-74,,,,,,,,
Brian Taylor,ABA,,,1972-73,,,,,,,,
Dan Issel (Tie),ABA,,,1970-71,,,,,,,,
Charlie Scott (Tie),ABA,,,1970-71,,,,,,,,
Warren Jabali,ABA,,,1968-69,,,,,,,,
Dikembe Mutombo,NBA,,,,4.0,"2000-01, 1997-98, 1996-97, 1994-95",,,,,,
Ben Wallace,NBA,,,,4.0,"2005-06, 2004-05, 2002-03, 2001-02",,,,,,
Rudy Gobert,NBA,,,,3.0,"2020-21, 2018-19, 2017-18",,,,,,
Dwight Howard,NBA,,,,3.0,"2010-11, 2009-10, 2008-09",,,,,,
Mark Eaton,NBA,,,,2.0,"1988-89, 1984-85",,,,,,
Kawhi Leonard,NBA,,,,2.0,"2015-16, 2014-15",,,,,2.0,"2018-19, 2013-14"
Sidney Moncrief,NBA,,,,2.0,"1983-84, 1982-83",,,,,,
Alonzo Mourning,NBA,,,,2.0,"1999-00, 1998-99",,,,,,
Dennis Rodman,NBA,,,,2.0,"1990-91, 1989-90",,,,,,
Marcus Camby,NBA,,,,1.0,2006-07,,,,,,
Tyson Chandler,NBA,,,,1.0,2011-12,,,,,,
Michael Cooper,NBA,,,,1.0,1986-87,,,,,,
Marc Gasol,NBA,,,,1.0,2012-13,,,,,,
Draymond Green,NBA,,,,1.0,2016-17,,,,,,
Jaren Jackson Jr.,NBA,,,,1.0,2022-23,,,,,,
Joakim Noah,NBA,,,,1.0,2013-14,,,,,,
Gary Payton,NBA,,,,1.0,1995-96,,,,,,
Alvin Robertson,NBA,,,,1.0,1985-86,1.0,1985-86,,,,
Marcus Smart,NBA,,,,1.0,2021-22,,,,,,
Metta World Peace,NBA,,,,1.0,2003-04,,,,,,
Mahmoud Abdul-Rauf,NBA,,,,,,1.0,1992-93,,,,
Ryan Anderson,NBA,,,,,,1.0,2011-12,,,,
Gilbert Arenas,NBA,,,,,,1.0,2002-03,,,,
Darrell Armstrong,NBA,,,,,,1.0,1998-99,1.0,1998-99,,
Isaac Austin,NBA,,,,,,1.0,1996-97,,,,
Dana Barros,NBA,,,,,,1.0,1994-95,,,,
Aaron Brooks,NBA,,,,,,1.0,2009-10,,,,
Jimmy Butler,NBA,,,,,,1.0,2014-15,,,,
Boris Diaw,NBA,,,,,,1.0,2005-06,,,,
Goran Dragić,NBA,,,,,,1.0,2013-14,,,,
Kevin Duckworth,NBA,,,,,,1.0,1987-88,,,,
Dale Ellis,NBA,,,,,,1.0,1986-87,,,,
Monta Ellis,NBA,,,,,,1.0,2006-07,,,,
Pervis Ellison,NBA,,,,,,1.0,1991-92,,,,
Paul George,NBA,,,,,,1.0,2012-13,,,,
Danny Granger,NBA,,,,,,1.0,2008-09,,,,
Alan Henderson,NBA,,,,,,1.0,1997-98,,,,
Brandon Ingram,NBA,,,,,,1.0,2019-20,,,,
Kevin Johnson,NBA,,,,,,1.0,1988-89,,,,
Kevin Love,NBA,,,,,,1.0,2010-11,,,,
Don MacLean,NBA,,,,,,1.0,1993-94,,,,
Lauri Markkanen,NBA,,,,,,1.0,2022-23,,,,
CJ McCollum,NBA,,,,,,1.0,2015-16,,,,
Tracy McGrady,NBA,,,,,,1.0,2000-01,,,,
Gheorghe Mureșan,NBA,,,,,,1.0,1995-96,,,,
Jermaine O'Neal,NBA,,,,,,1.0,2001-02,,,,
Victor Oladipo,NBA,,,,,,1.0,2017-18,,,,
Julius Randle,NBA,,,,,,1.0,2020-21,,,,
Zach Randolph,NBA,,,,,,1.0,2003-04,,,,
Jalen Rose,NBA,,,,,,1.0,1999-00,,,,
Rony Seikaly,NBA,,,,,,1.0,1989-90,,,,
Pascal Siakam,NBA,,,,,,1.0,2018-19,,,,
Bobby Simmons,NBA,,,,,,1.0,2004-05,,,,
Scott Skiles,NBA,,,,,,1.0,1990-91,,,,
Hedo Türkoğlu,NBA,,,,,,1.0,2007-08,,,,
Jamal Crawford,NBA,,,,,,,,3.0,"2015-16, 2013-14, 2009-10",,
Lou Williams,NBA,,,,,,,,3.0,"2018-19, 2017-18, 2014-15",,
Kevin McHale,NBA,,,,,,,,2.0,"1984-85, 1983-84",,
Ricky Pierce,NBA,,,,,,,,2.0,"1989-90, 1986-87",,
Detlef Schrempf,NBA,,,,,,,,2.0,"1991-92, 1990-91",,
Leandro Barbosa,NBA,,,,,,,,1.0,2006-07,,
Jordan Clarkson,NBA,,,,,,,,1.0,2020-21,,
Dell Curry,NBA,,,,,,,,1.0,1993-94,,
Manu Ginóbili,NBA,,,,,,,,1.0,2007-08,,
Ben Gordon,NBA,,,,,,,,1.0,2004-05,,
Eric Gordon,NBA,,,,,,,,1.0,2016-17,,
Montrezl Harrell,NBA,,,,,,,,1.0,2019-20,,
Tyler Herro,NBA,,,,,,,,1.0,2021-22,,
Bobby Jackson,NBA,,,,,,,,1.0,2002-03,,
Antawn Jamison,NBA,,,,,,,,1.0,2003-04,,
Eddie Johnson,NBA,,,,,,,,1.0,1988-89,,
Bobby Jones,NBA,,,,,,,,1.0,1982-83,,
Toni Kukoč,NBA,,,,,,,,1.0,1995-96,,
Danny Manning,NBA,,,,,,,,1.0,1997-98,,
Anthony Mason,NBA,,,,,,,,1.0,1994-95,,
Aaron McKie,NBA,,,,,,,,1.0,2000-01,,
Lamar Odom,NBA,,,,,,,,1.0,2010-11,,
Clifford Robinson,NBA,,,,,,,,1.0,1992-93,,
Rodney Rogers,NBA,,,,,,,,1.0,1999-00,,
J.R. Smith,NBA,,,,,,,,1.0,2012-13,,
John Starks,NBA,,,,,,,,1.0,1996-97,,
Roy Tarpley,NBA,,,,,,,,1.0,1987-88,,
Jason Terry,NBA,,,,,,,,1.0,2008-09,,
Corliss Williamson,NBA,,,,,,,,1.0,2001-02,,
Chauncey Billups,NBA,,,,,,,,,,1.0,2003-04
Joe Dumars,NBA,,,,,,,,,,1.0,1988-89
John Havlicek,NBA,,,,,,,,,,1.0,1973-74
Andre Iguodala,NBA,,,,,,,,,,1.0,2014-15
Dennis Johnson,NBA,,,,,,,,,,1.0,1978-79
Cedric Maxwell,NBA,,,,,,,,,,1.0,1980-81
Tony Parker,NBA,,,,,,,,,,1.0,2006-07
Paul Pierce,NBA,,,,,,,,,,1.0,2007-08
Isiah Thomas,NBA,,,,,,,,,,1.0,1989-90
Dwyane Wade,NBA,,,,,,,,,,1.0,2005-06
Jerry West,NBA,,,,,,,,,,1.0,1968-69
Jo Jo White,NBA,,,,,,,,,,1.0,1975-76
James Worthy,NBA,,,,,,,,,,1.0,1987-88
