Season,Lg,Tm,Players,Type
2022-23,NBA,1st,"Joel Embiid C, Giannis Antetokounmpo F, Jayson Tatum F, Luka Dončić G, Shai Gilgeous-Alexander G",All League
2022-23,NBA,2nd,"Nikola Jokić C, Jimmy Butler F, Jaylen Brown F, Donovan Mitchell G, Stephen Curry G",All League
2022-23,NBA,3rd,"Domantas Sabonis C, LeBron James F, Julius Randle F, De'Aaron Fox G, Damian Lillard G",All League
2021-22,NBA,1st,"Nikola Jokić C, Giannis Antetokounmpo F, Jayson Tatum F, Luka Dončić G, Devin Booker G",All League
2021-22,NBA,2nd,"Joel Embiid C, Kevin Durant F, DeMar DeRozan F, Ja Morant G, Stephen Curry G",All League
2021-22,NBA,3rd,"Karl-Anthony Towns C, LeBron James F, Pascal Siakam F, Chris Paul G, Trae Young G",All League
2020-21,NBA,1st,"Nikola Jokić C, Giannis Antetokounmpo F, Kawhi Leonard F, Stephen Curry G, Luka Dončić G",All League
2020-21,NBA,2nd,"Joel Embiid C, Julius Randle F, LeBron James F, Chris Paul G, Damian Lillard G",All League
2020-21,NBA,3rd,"Rudy Gobert C, Jimmy Butler F, Paul George F, Bradley Beal G, Kyrie Irving G",All League
2019-20,NBA,1st,"Anthony Davis C, Giannis Antetokounmpo F, LeBron James F, James Harden G, Luka Dončić G",All League
2019-20,NBA,2nd,"Nikola Jokić C, Kawhi Leonard F, Pascal Siakam F, Damian Lillard G, Chris Paul G",All League
2019-20,NBA,3rd,"Rudy Gobert C, Jayson Tatum F, Jimmy Butler F, Ben Simmons G, Russell Westbrook G",All League
2018-19,NBA,1st,"Nikola Jokić C, Giannis Antetokounmpo F, Paul George F, James Harden G, Stephen Curry G",All League
2018-19,NBA,2nd,"Joel Embiid C, Kevin Durant F, Kawhi Leonard F, Damian Lillard G, Kyrie Irving G",All League
2018-19,NBA,3rd,"Rudy Gobert C, LeBron James F, Blake Griffin F, Kemba Walker G, Russell Westbrook G",All League
2017-18,NBA,1st,"Anthony Davis C, LeBron James F, Kevin Durant F, Damian Lillard G, James Harden G",All League
2017-18,NBA,2nd,"Joel Embiid C, Giannis Antetokounmpo F, LaMarcus Aldridge F, Russell Westbrook G, DeMar DeRozan G",All League
2017-18,NBA,3rd,"Karl-Anthony Towns C, Jimmy Butler F, Paul George F, Stephen Curry G, Victor Oladipo G",All League
2016-17,NBA,1st,"Anthony Davis C, LeBron James F, Kawhi Leonard F, James Harden G, Russell Westbrook G",All League
2016-17,NBA,2nd,"Rudy Gobert C, Giannis Antetokounmpo F, Kevin Durant F, Stephen Curry G, Isaiah Thomas G",All League
2016-17,NBA,3rd,"DeAndre Jordan C, Draymond Green F, Jimmy Butler F, John Wall G, DeMar DeRozan G",All League
2015-16,NBA,1st,"DeAndre Jordan C, LeBron James F, Kawhi Leonard F, Stephen Curry G, Russell Westbrook G",All League
2015-16,NBA,2nd,"DeMarcus Cousins C, Kevin Durant F, Draymond Green F, Chris Paul G, Damian Lillard G",All League
2015-16,NBA,3rd,"Andre Drummond C, Paul George F, LaMarcus Aldridge F, Klay Thompson G, Kyle Lowry G",All League
2014-15,NBA,1st,"Marc Gasol C, LeBron James F, Anthony Davis F, Stephen Curry G, James Harden G",All League
2014-15,NBA,2nd,"DeMarcus Cousins C, Pau Gasol C, LaMarcus Aldridge F, Russell Westbrook G, Chris Paul G",All League
2014-15,NBA,3rd,"DeAndre Jordan C, Blake Griffin F, Tim Duncan F, Klay Thompson G, Kyrie Irving G",All League
2013-14,NBA,1st,"Joakim Noah C, Kevin Durant F, LeBron James F, James Harden G, Chris Paul G",All League
2013-14,NBA,2nd,"Dwight Howard C, Blake Griffin F, Kevin Love F, Stephen Curry G, Tony Parker G",All League
2013-14,NBA,3rd,"Al Jefferson C, Paul George F, LaMarcus Aldridge F, Goran Dragić G, Damian Lillard G",All League
2012-13,NBA,1st,"Tim Duncan C, Kevin Durant F, LeBron James F, Kobe Bryant G, Chris Paul G",All League
2012-13,NBA,2nd,"Marc Gasol C, Carmelo Anthony F, Blake Griffin F, Tony Parker G, Russell Westbrook G",All League
2012-13,NBA,3rd,"Dwight Howard C, Paul George F, David Lee F, James Harden G, Dwyane Wade G",All League
2011-12,NBA,1st,"Dwight Howard C, Kevin Durant F, LeBron James F, Kobe Bryant G, Chris Paul G",All League
2011-12,NBA,2nd,"Andrew Bynum C, Blake Griffin F, Kevin Love F, Tony Parker G, Russell Westbrook G",All League
2011-12,NBA,3rd,"Tyson Chandler C, Carmelo Anthony F, Dirk Nowitzki F, Rajon Rondo G, Dwyane Wade G",All League
2010-11,NBA,1st,"Dwight Howard C, Kevin Durant F, LeBron James F, Kobe Bryant G, Derrick Rose G",All League
2010-11,NBA,2nd,"Amar'e Stoudemire C, Pau Gasol F, Dirk Nowitzki F, Dwyane Wade G, Russell Westbrook G",All League
2010-11,NBA,3rd,"Al Horford C, LaMarcus Aldridge F, Zach Randolph F, Manu Ginóbili G, Chris Paul G",All League
2009-10,NBA,1st,"Dwight Howard C, Kevin Durant F, LeBron James F, Kobe Bryant G, Dwyane Wade G",All League
2009-10,NBA,2nd,"Amar'e Stoudemire C, Carmelo Anthony F, Dirk Nowitzki F, Steve Nash G, Deron Williams G",All League
2009-10,NBA,3rd,"Andrew Bogut C, Tim Duncan F, Pau Gasol F, Joe Johnson G, Brandon Roy G",All League
2008-09,NBA,1st,"Dwight Howard C, LeBron James F, Dirk Nowitzki F, Kobe Bryant G, Dwyane Wade G",All League
2008-09,NBA,2nd,"Yao Ming C, Tim Duncan F, Paul Pierce F, Chris Paul G, Brandon Roy G",All League
2008-09,NBA,3rd,"Shaquille O'Neal C, Carmelo Anthony F, Pau Gasol F, Chauncey Billups G, Tony Parker G",All League
2007-08,NBA,1st,"Dwight Howard C, Kevin Garnett F, LeBron James F, Kobe Bryant G, Chris Paul G",All League
2007-08,NBA,2nd,"Amar'e Stoudemire C, Tim Duncan F, Dirk Nowitzki F, Steve Nash G, Deron Williams G",All League
2007-08,NBA,3rd,"Yao Ming C, Carlos Boozer F, Paul Pierce F, Manu Ginóbili G, Tracy McGrady G",All League
2006-07,NBA,1st,"Amar'e Stoudemire C, Tim Duncan F, Dirk Nowitzki F, Kobe Bryant G, Steve Nash G",All League
2006-07,NBA,2nd,"Yao Ming C, Chris Bosh F, LeBron James F, Gilbert Arenas G, Tracy McGrady G",All League
2006-07,NBA,3rd,"Dwight Howard C, Carmelo Anthony F, Kevin Garnett F, Chauncey Billups G, Dwyane Wade G",All League
2005-06,NBA,1st,"Shaquille O'Neal C, LeBron James F, Dirk Nowitzki F, Kobe Bryant G, Steve Nash G",All League
2005-06,NBA,2nd,"Ben Wallace C, Elton Brand F, Tim Duncan F, Chauncey Billups G, Dwyane Wade G",All League
2005-06,NBA,3rd,"Yao Ming C, Carmelo Anthony F, Shawn Marion F, Gilbert Arenas G, Allen Iverson G",All League
2004-05,NBA,1st,"Shaquille O'Neal C, Tim Duncan F, Dirk Nowitzki F, Allen Iverson G, Steve Nash G",All League
2004-05,NBA,2nd,"Amar'e Stoudemire C, Kevin Garnett F, LeBron James F, Ray Allen G, Dwyane Wade G",All League
2004-05,NBA,3rd,"Ben Wallace C, Shawn Marion F, Tracy McGrady F, Gilbert Arenas G, Kobe Bryant G",All League
2003-04,NBA,1st,"Shaquille O'Neal C, Tim Duncan F, Kevin Garnett F, Kobe Bryant G, Jason Kidd G",All League
2003-04,NBA,2nd,"Ben Wallace C, Jermaine O'Neal F, Peja Stojaković F, Sam Cassell G, Tracy McGrady G",All League
2003-04,NBA,3rd,"Yao Ming C, Metta World Peace F, Dirk Nowitzki F, Baron Davis G, Michael Redd G",All League
2002-03,NBA,1st,"Shaquille O'Neal C, Tim Duncan F, Kevin Garnett F, Kobe Bryant G, Tracy McGrady G",All League
2002-03,NBA,2nd,"Ben Wallace C, Dirk Nowitzki F, Chris Webber F, Allen Iverson G, Jason Kidd G",All League
2002-03,NBA,3rd,"Jermaine O'Neal C, Jamal Mashburn F, Paul Pierce F, Stephon Marbury G, Steve Nash G",All League
2001-02,NBA,1st,"Shaquille O'Neal C, Tim Duncan F, Tracy McGrady F, Kobe Bryant G, Jason Kidd G",All League
2001-02,NBA,2nd,"Dirk Nowitzki C, Kevin Garnett F, Chris Webber F, Allen Iverson G, Gary Payton G",All League
2001-02,NBA,3rd,"Dikembe Mutombo C, Jermaine O'Neal F, Ben Wallace F, Steve Nash G, Paul Pierce G",All League
2000-01,NBA,1st,"Shaquille O'Neal C, Tim Duncan F, Chris Webber F, Allen Iverson G, Jason Kidd G",All League
2000-01,NBA,2nd,"Dikembe Mutombo C, Vince Carter F, Kevin Garnett F, Kobe Bryant G, Tracy McGrady G",All League
2000-01,NBA,3rd,"David Robinson C, Karl Malone F, Dirk Nowitzki F, Ray Allen G, Gary Payton G",All League
1999-00,NBA,1st,"Shaquille O'Neal C, Tim Duncan F, Kevin Garnett F, Jason Kidd G, Gary Payton G",All League
1999-00,NBA,2nd,"Alonzo Mourning C, Grant Hill F, Karl Malone F, Kobe Bryant G, Allen Iverson G",All League
1999-00,NBA,3rd,"David Robinson C, Vince Carter F, Chris Webber F, Eddie Jones G, Stephon Marbury G",All League
1998-99,NBA,1st,"Alonzo Mourning C, Tim Duncan F, Karl Malone F, Allen Iverson G, Jason Kidd G",All League
1998-99,NBA,2nd,"Shaquille O'Neal C, Grant Hill F, Chris Webber F, Tim Hardaway G, Gary Payton G",All League
1998-99,NBA,3rd,"Hakeem Olajuwon C, Kevin Garnett F, Antonio McDyess F, Kobe Bryant G, John Stockton G",All League
1997-98,NBA,1st,"Shaquille O'Neal C, Tim Duncan F, Karl Malone F, Michael Jordan G, Gary Payton G",All League
1997-98,NBA,2nd,"David Robinson C, Vin Baker F, Grant Hill F, Tim Hardaway G, Rod Strickland G",All League
1997-98,NBA,3rd,"Dikembe Mutombo C, Scottie Pippen F, Glen Rice F, Reggie Miller G, Mitch Richmond G",All League
1996-97,NBA,1st,"Hakeem Olajuwon C, Grant Hill F, Karl Malone F, Tim Hardaway G, Michael Jordan G",All League
1996-97,NBA,2nd,"Patrick Ewing C, Scottie Pippen F, Glen Rice F, Gary Payton G, Mitch Richmond G",All League
1996-97,NBA,3rd,"Shaquille O'Neal C, Vin Baker F, Anthony Mason F, Anfernee Hardaway G, John Stockton G",All League
1995-96,NBA,1st,"David Robinson C, Karl Malone F, Scottie Pippen F, Anfernee Hardaway G, Michael Jordan G",All League
1995-96,NBA,2nd,"Hakeem Olajuwon C, Grant Hill F, Shawn Kemp F, Gary Payton G, John Stockton G",All League
1995-96,NBA,3rd,"Shaquille O'Neal C, Charles Barkley F, Juwan Howard F, Reggie Miller G, Mitch Richmond G",All League
1994-95,NBA,1st,"David Robinson C, Karl Malone F, Scottie Pippen F, Anfernee Hardaway G, John Stockton G",All League
1994-95,NBA,2nd,"Shaquille O'Neal C, Charles Barkley F, Shawn Kemp F, Gary Payton G, Mitch Richmond G",All League
1994-95,NBA,3rd,"Hakeem Olajuwon C, Dennis Rodman F, Detlef Schrempf F, Clyde Drexler G, Reggie Miller G",All League
1993-94,NBA,1st,"Hakeem Olajuwon C, Karl Malone F, Scottie Pippen F, Latrell Sprewell G, John Stockton G",All League
1993-94,NBA,2nd,"David Robinson C, Charles Barkley F, Shawn Kemp F, Kevin Johnson G, Mitch Richmond G",All League
1993-94,NBA,3rd,"Shaquille O'Neal C, Derrick Coleman F, Dominique Wilkins F, Gary Payton G, Mark Price G",All League
1992-93,NBA,1st,"Hakeem Olajuwon C, Charles Barkley F, Karl Malone F, Michael Jordan G, Mark Price G",All League
1992-93,NBA,2nd,"Patrick Ewing C, Larry Johnson F, Dominique Wilkins F, Joe Dumars G, John Stockton G",All League
1992-93,NBA,3rd,"David Robinson C, Derrick Coleman F, Scottie Pippen F, Tim Hardaway G, Dražen Petrović G",All League
1991-92,NBA,1st,"David Robinson C, Karl Malone F, Chris Mullin F, Clyde Drexler G, Michael Jordan G",All League
1991-92,NBA,2nd,"Patrick Ewing C, Charles Barkley F, Scottie Pippen F, Tim Hardaway G, John Stockton G",All League
1991-92,NBA,3rd,"Brad Daugherty C, Dennis Rodman F, Kevin Willis F, Kevin Johnson G, Mark Price G",All League
1990-91,NBA,1st,"David Robinson C, Charles Barkley F, Karl Malone F, Magic Johnson G, Michael Jordan G",All League
1990-91,NBA,2nd,"Patrick Ewing C, Chris Mullin F, Dominique Wilkins F, Clyde Drexler G, Kevin Johnson G",All League
1990-91,NBA,3rd,"Hakeem Olajuwon C, Bernard King F, James Worthy F, Joe Dumars G, John Stockton G",All League
1989-90,NBA,1st,"Patrick Ewing C, Charles Barkley F, Karl Malone F, Magic Johnson G, Michael Jordan G",All League
1989-90,NBA,2nd,"Hakeem Olajuwon C, Larry Bird F, Tom Chambers F, Kevin Johnson G, John Stockton G",All League
1989-90,NBA,3rd,"David Robinson C, Chris Mullin F, James Worthy F, Clyde Drexler G, Joe Dumars G",All League
1988-89,NBA,1st,"Hakeem Olajuwon C, Charles Barkley F, Karl Malone F, Magic Johnson G, Michael Jordan G",All League
1988-89,NBA,2nd,"Patrick Ewing C, Tom Chambers F, Chris Mullin F, Kevin Johnson G, John Stockton G",All League
1988-89,NBA,3rd,"Robert Parish C, Terry Cummings F, Dominique Wilkins F, Dale Ellis G, Mark Price G",All League
1987-88,NBA,1st,"Hakeem Olajuwon C, Charles Barkley F, Larry Bird F, Magic Johnson G, Michael Jordan G",All League
1987-88,NBA,2nd,"Patrick Ewing C, Karl Malone F, Dominique Wilkins F, Clyde Drexler G, John Stockton G",All League
1986-87,NBA,1st,"Hakeem Olajuwon C, Larry Bird F, Kevin McHale F, Magic Johnson G, Michael Jordan G",All League
1986-87,NBA,2nd,"Moses Malone C, Charles Barkley F, Dominique Wilkins F, Fat Lever G, Isiah Thomas G",All League
1985-86,NBA,1st,"Kareem Abdul-Jabbar C, Larry Bird F, Dominique Wilkins F, Magic Johnson G, Isiah Thomas G",All League
1985-86,NBA,2nd,"Hakeem Olajuwon C, Charles Barkley F, Alex English F, Sidney Moncrief G, Alvin Robertson G",All League
1984-85,NBA,1st,"Moses Malone C, Larry Bird F, Bernard King F, Magic Johnson G, Isiah Thomas G",All League
1984-85,NBA,2nd,"Kareem Abdul-Jabbar C, Terry Cummings F, Ralph Sampson F, Michael Jordan G, Sidney Moncrief G",All League
1983-84,NBA,1st,"Kareem Abdul-Jabbar C, Larry Bird F, Bernard King F, Magic Johnson G, Isiah Thomas G",All League
1983-84,NBA,2nd,"Moses Malone C, Adrian Dantley F, Julius Erving F, Sidney Moncrief G, Jim Paxson G",All League
1982-83,NBA,1st,"Moses Malone C, Larry Bird F, Julius Erving F, Magic Johnson G, Sidney Moncrief G",All League
1982-83,NBA,2nd,"Kareem Abdul-Jabbar C, Alex English F, Buck Williams F, George Gervin G, Isiah Thomas G",All League
1981-82,NBA,1st,"Moses Malone C, Larry Bird F, Julius Erving F, George Gervin G, Gus Williams G",All League
1981-82,NBA,2nd,"Robert Parish C, Alex English F, Bernard King F, Magic Johnson G, Sidney Moncrief G",All League
1980-81,NBA,1st,"Kareem Abdul-Jabbar C, Larry Bird F, Julius Erving F, George Gervin G, Dennis Johnson G",All League
1980-81,NBA,2nd,"Moses Malone C, Adrian Dantley F, Marques Johnson F, Tiny Archibald G, Otis Birdsong G",All League
1979-80,NBA,1st,"Kareem Abdul-Jabbar C, Larry Bird F, Julius Erving F, George Gervin G, Paul Westphal G",All League
1979-80,NBA,2nd,"Moses Malone C, Marques Johnson F, Dan Roundfield F, Dennis Johnson G, Gus Williams G",All League
1978-79,NBA,1st,"Moses Malone C, Elvin Hayes F, Marques Johnson F, George Gervin G, Paul Westphal G",All League
1978-79,NBA,2nd,"Kareem Abdul-Jabbar C, Bob Dandridge F, Walter Davis F, Phil Ford G, World B. Free G",All League
1977-78,NBA,1st,"Bill Walton C, Julius Erving F, Truck Robinson F, George Gervin G, David Thompson G",All League
1977-78,NBA,2nd,"Kareem Abdul-Jabbar C, Walter Davis F, Maurice Lucas F, Pete Maravich G, Paul Westphal G",All League
1976-77,NBA,1st,"Kareem Abdul-Jabbar C, Elvin Hayes F, David Thompson F, Pete Maravich G, Paul Westphal G",All League
1976-77,NBA,2nd,"Bill Walton C, Julius Erving F, George McGinnis F, George Gervin G, Jo Jo White G",All League
1975-76,NBA,1st,"Kareem Abdul-Jabbar C, Rick Barry F, George McGinnis F, Tiny Archibald G, Pete Maravich G",All League
1975-76,NBA,2nd,"Dave Cowens C, John Havlicek F, Elvin Hayes F, Phil Smith G, Randy Smith G",All League
1975-76,ABA,1st,"Artis Gilmore C, Julius Erving F, Billy Knight F, James Silas G, Ralph Simpson G",All League
1975-76,ABA,2nd,"Dan Issel C, Bobby Jones F, David Thompson F, Don Buse G, George Gervin G",All League
1974-75,NBA,1st,"Bob McAdoo C, Rick Barry F, Elvin Hayes F, Tiny Archibald G, Walt Frazier G",All League
1974-75,NBA,2nd,"Dave Cowens C, John Havlicek F, Spencer Haywood F, Phil Chenier G, Jo Jo White G",All League
1974-75,ABA,1st,"Artis Gilmore C, Julius Erving F, George McGinnis F, Ron Boone G, Mack Calvin G",All League
1974-75,ABA,2nd,"Swen Nater C, Marvin Barnes F, George Gervin F, James Silas G, Brian Taylor G",All League
1973-74,NBA,1st,"Kareem Abdul-Jabbar C, Rick Barry F, John Havlicek F, Walt Frazier G, Gail Goodrich G",All League
1973-74,NBA,2nd,"Bob McAdoo C, Elvin Hayes F, Spencer Haywood F, Dave Bing G, Norm Van Lier G",All League
1973-74,ABA,1st,"Artis Gilmore C, Julius Erving F, George McGinnis F, Mack Calvin G, Jimmy Jones G",All League
1973-74,ABA,2nd,"Swen Nater C, Dan Issel F, Willie Wise F, Ron Boone G, Louie Dampier G",All League
1972-73,NBA,1st,"Kareem Abdul-Jabbar C, John Havlicek F, Spencer Haywood F, Tiny Archibald G, Jerry West G",All League
1972-73,NBA,2nd,"Dave Cowens C, Rick Barry F, Elvin Hayes F, Walt Frazier G, Pete Maravich G",All League
1972-73,ABA,1st,"Artis Gilmore C, Billy Cunningham F, Julius Erving F, Warren Jabali G, Jimmy Jones G",All League
1972-73,ABA,2nd,"Mel Daniels C, Dan Issel F, George McGinnis F, Mack Calvin G, Ralph Simpson G",All League
1971-72,NBA,1st,"Kareem Abdul-Jabbar C, John Havlicek F, Spencer Haywood F, Walt Frazier G, Jerry West G",All League
1971-72,NBA,2nd,"Wilt Chamberlain C, Billy Cunningham F, Bob Love F, Tiny Archibald G, Archie Clark G",All League
1971-72,ABA,1st,"Artis Gilmore C, Rick Barry F, Dan Issel F, Donnie Freeman G, Bill Melchionni G",All League
1971-72,ABA,2nd,"Zelmo Beaty C, Julius Erving F, Willie Wise F, Charlie Scott G, Ralph Simpson G",All League
1970-71,NBA,1st,"Kareem Abdul-Jabbar C, Billy Cunningham F, John Havlicek F, Dave Bing G, Jerry West G",All League
1970-71,NBA,2nd,"Willis Reed C, Gus Johnson F, Bob Love F, Walt Frazier G, Oscar Robertson G",All League
1970-71,ABA,1st,"Mel Daniels C, Rick Barry F, Roger Brown F, Mack Calvin G, Charlie Scott G",All League
1970-71,ABA,2nd,"John Brisker F, Joe Caldwell F, Larry Cannon G, Donnie Freeman G, Zelmo Beaty C, Dan Issel C (T)",All League
1969-70,NBA,1st,"Willis Reed C, Billy Cunningham F, Connie Hawkins F, Walt Frazier G, Jerry West G",All League
1969-70,NBA,2nd,"Kareem Abdul-Jabbar C, John Havlicek F, Gus Johnson F, Lou Hudson G, Oscar Robertson G",All League
1969-70,ABA,1st,"Mel Daniels C, Rick Barry F, Spencer Haywood F, Larry Jones G, Bob Verga G",All League
1969-70,ABA,2nd,"Red Robbins C, Roger Brown F, Bob Netolicky F, Louie Dampier G, Donnie Freeman G",All League
1968-69,NBA,1st,"Wes Unseld C, Elgin Baylor F, Billy Cunningham F, Earl Monroe G, Oscar Robertson G",All League
1968-69,NBA,2nd,"Willis Reed C, Dave DeBusschere F, John Havlicek F, Hal Greer G, Jerry West G",All League
1968-69,ABA,1st,"Mel Daniels C, Rick Barry F, Connie Hawkins F, Jimmy Jones G, Larry Jones G",All League
1968-69,ABA,2nd,"Red Robbins C, John Beasley F, Doug Moe F, Louie Dampier G, Donnie Freeman G",All League
1967-68,NBA,1st,"Wilt Chamberlain C, Elgin Baylor F, Jerry Lucas F, Dave Bing G, Oscar Robertson G",All League
1967-68,NBA,2nd,"Bill Russell C, John Havlicek F, Willis Reed F, Hal Greer G, Jerry West G",All League
1967-68,ABA,1st,"Mel Daniels C, Connie Hawkins F, Doug Moe F, Larry Jones G, Charles Williams G",All League
1967-68,ABA,2nd,"John Beasley C, Roger Brown F, Cincy Powell F, Larry Brown G, Louie Dampier G",All League
1966-67,NBA,1st,"Wilt Chamberlain C, Rick Barry F, Elgin Baylor F, Oscar Robertson G, Jerry West G",All League
1966-67,NBA,2nd,"Bill Russell C, Jerry Lucas F, Willis Reed F, Hal Greer G, Sam Jones G",All League
1965-66,NBA,1st,"Wilt Chamberlain C, Rick Barry F, Jerry Lucas F, Oscar Robertson G, Jerry West G",All League
1965-66,NBA,2nd,"Bill Russell C, John Havlicek F, Gus Johnson F, Hal Greer G, Sam Jones G",All League
1964-65,NBA,1st,"Bill Russell C, Elgin Baylor F, Jerry Lucas F, Oscar Robertson G, Jerry West G",All League
1964-65,NBA,2nd,"Wilt Chamberlain C, Gus Johnson F, Bob Pettit F, Hal Greer G, Sam Jones G",All League
1963-64,NBA,1st,"Wilt Chamberlain C, Elgin Baylor F, Bob Pettit F, Oscar Robertson G, Jerry West G",All League
1963-64,NBA,2nd,"Bill Russell C, Tom Heinsohn F, Jerry Lucas F, Hal Greer G, John Havlicek G",All League
1962-63,NBA,1st,"Bill Russell C, Elgin Baylor F, Bob Pettit F, Oscar Robertson G, Jerry West G",All League
1962-63,NBA,2nd,"Wilt Chamberlain C, Tom Heinsohn F, Bailey Howell F, Bob Cousy G, Hal Greer G",All League
1961-62,NBA,1st,"Wilt Chamberlain C, Elgin Baylor F, Bob Pettit F, Oscar Robertson G, Jerry West G",All League
1961-62,NBA,2nd,"Bill Russell C, Tom Heinsohn F, Jack Twyman F, Bob Cousy G, Richie Guerin G",All League
1960-61,NBA,1st,"Wilt Chamberlain C, Elgin Baylor F, Bob Pettit F, Bob Cousy G, Oscar Robertson G",All League
1960-61,NBA,2nd,"Bill Russell C, Tom Heinsohn F, Dolph Schayes F, Larry Costello G, Gene Shue G",All League
1959-60,NBA,1st,"Wilt Chamberlain C, Elgin Baylor F, Bob Pettit F, Bob Cousy G, Gene Shue G",All League
1959-60,NBA,2nd,"Bill Russell C, Dolph Schayes F, Jack Twyman F, Richie Guerin G, Bill Sharman G",All League
1958-59,NBA,1st,"Bill Russell C, Elgin Baylor F, Bob Pettit F, Bob Cousy G, Bill Sharman G",All League
1958-59,NBA,2nd,"Dolph Schayes C, Paul Arizin F, Cliff Hagan F, Richie Guerin G, Slater Martin G",All League
1957-58,NBA,1st,"Bob Pettit C, Dolph Schayes F, George Yardley F, Bob Cousy G, Bill Sharman G",All League
1957-58,NBA,2nd,"Bill Russell C, Cliff Hagan F, Maurice Stokes F, Tom Gola G, Slater Martin G",All League
1956-57,NBA,1st,"Bob Pettit C, Paul Arizin F, Dolph Schayes F, Bob Cousy G, Bill Sharman G",All League
1956-57,NBA,2nd,"Neil Johnston C, Maurice Stokes F, George Yardley F, Dick Garmaker G, Slater Martin G",All League
1955-56,NBA,1st,"Neil Johnston C, Paul Arizin F, Bob Pettit F, Bob Cousy G, Bill Sharman G",All League
1955-56,NBA,2nd,"Clyde Lovellette C, Dolph Schayes F, Maurice Stokes F, Jack George G, Slater Martin G",All League
1954-55,NBA,1st,"Bob Cousy, Larry Foust, Neil Johnston, Bob Pettit, Dolph Schayes",All League
1954-55,NBA,2nd,"Harry Gallatin, Slater Martin, Vern Mikkelsen, Paul Seymour, Bill Sharman",All League
1953-54,NBA,1st,"Bob Cousy, Harry Gallatin, Neil Johnston, George Mikan, Dolph Schayes",All League
1953-54,NBA,2nd,"Carl Braun, Ed Macauley, Jim Pollard, Paul Seymour, Bobby Wanzer",All League
1952-53,NBA,1st,"Bob Cousy, Neil Johnston, Ed Macauley, George Mikan, Dolph Schayes",All League
1952-53,NBA,2nd,"Bob Davies, Vern Mikkelsen, Andy Phillip, Bill Sharman, Bobby Wanzer",All League
1951-52,NBA,1st,"Paul Arizin, Bob Cousy, Ed Macauley, George Mikan, Bob Davies , Dolph Schayes (T)",All League
1951-52,NBA,2nd,"Larry Foust, Vern Mikkelsen, Andy Phillip, Jim Pollard, Bobby Wanzer",All League
1950-51,NBA,1st,"Ralph Beard, Bob Davies, Alex Groza, Ed Macauley, George Mikan",All League
1950-51,NBA,2nd,"Frankie Brian, Joe Fulks, Dick McGuire, Vern Mikkelsen, Dolph Schayes",All League
1949-50,NBA,1st,"Bob Davies, Alex Groza, George Mikan, Jim Pollard, Max Zaslofsky",All League
1949-50,NBA,2nd,"Ralph Beard, Frankie Brian, Al Cervi, Fred Schaus, Dolph Schayes",All League
1948-49,BAA,1st,"Bob Davies, Joe Fulks, George Mikan, Jim Pollard, Max Zaslofsky",All League
1948-49,BAA,2nd,"Bob Feerick, John Logan, Bones McKinney, Arnie Risen, Kenny Sailors",All League
1947-48,BAA,1st,"Howie Dallmar, Bob Feerick, Joe Fulks, Ed Sadowski, Max Zaslofsky",All League
1947-48,BAA,2nd,"Carl Braun, Buddy Jeannette, John Logan, Stan Miasek, Fred Scolari",All League
1946-47,BAA,1st,"Bob Feerick, Joe Fulks, Bones McKinney, Stan Miasek, Max Zaslofsky",All League
1946-47,BAA,2nd,"Frankie Baumholtz, Ernie Calverley, Chick Halbert, John Logan, Fred Scolari",All League
2022-23,NBA,1st,"Paolo Banchero, Walker Kessler, Bennedict Mathurin, Keegan Murray, Jalen Williams",All Rookie
2022-23,NBA,2nd,"Jalen Duren, Tari Eason, Jaden Ivey, Jabari Smith, Jeremy Sochan",All Rookie
2021-22,NBA,1st,"Scottie Barnes, Cade Cunningham, Evan Mobley, Franz Wagner, Jalen Green",All Rookie
2021-22,NBA,2nd,"Herbert Jones, Josh Giddey, Bones Hyland, Ayo Dosunmu, Chris Duarte",All Rookie
2020-21,NBA,1st,"LaMelo Ball, Saddiq Bey, Anthony Edwards, Tyrese Haliburton, Jae'Sean Tate",All Rookie
2020-21,NBA,2nd,"Desmond Bane, Isaac Okoro, Immanuel Quickley, Isaiah Stewart, Patrick Williams",All Rookie
2019-20,NBA,1st,"Ja Morant, Kendrick Nunn, Brandon Clarke, Zion Williamson, Eric Paschall",All Rookie
2019-20,NBA,2nd,"Tyler Herro, Terence Davis, Coby White, P.J. Washington, Rui Hachimura",All Rookie
2018-19,NBA,1st,"Luka Dončić, Trae Young, Deandre Ayton, Jaren Jackson, Marvin Bagley",All Rookie
2018-19,NBA,2nd,"Shai Gilgeous-Alexander, Collin Sexton, Landry Shamet, Mitchell Robinson, Kevin Huerter",All Rookie
2017-18,NBA,1st,"Donovan Mitchell, Ben Simmons, Jayson Tatum, Kyle Kuzma, Lauri Markkanen",All Rookie
2017-18,NBA,2nd,"Dennis Smith, Lonzo Ball, John Collins, Bogdan Bogdanović, Josh Jackson",All Rookie
2016-17,NBA,1st,"Malcolm Brogdon, Dario Šarić, Joel Embiid, Buddy Hield, Willy Hernangómez",All Rookie
2016-17,NBA,2nd,"Jamal Murray, Jaylen Brown, Marquese Chriss, Brandon Ingram, Yogi Ferrell",All Rookie
2015-16,NBA,1st,"Karl-Anthony Towns, Kristaps Porziņģis, Devin Booker, Nikola Jokić, Jahlil Okafor",All Rookie
2015-16,NBA,2nd,"Justise Winslow, D'Angelo Russell, Emmanuel Mudiay, Myles Turner, Willie Cauley-Stein",All Rookie
2014-15,NBA,1st,"Andrew Wiggins, Nikola Mirotić, Nerlens Noel, Elfrid Payton, Jordan Clarkson",All Rookie
2014-15,NBA,2nd,"Marcus Smart, Zach LaVine, Bojan Bogdanović, Jusuf Nurkić, Langston Galloway",All Rookie
2013-14,NBA,1st,"Michael Carter-Williams, Victor Oladipo, Trey Burke, Mason Plumlee, Tim Hardaway",All Rookie
2013-14,NBA,2nd,"Kelly Olynyk, Giannis Antetokounmpo, Gorgui Dieng, Cody Zeller, Steven Adams",All Rookie
2012-13,NBA,1st,"Harrison Barnes, Bradley Beal, Anthony Davis, Damian Lillard, Dion Waiters",All Rookie
2012-13,NBA,2nd,"Andre Drummond, Michael Kidd-Gilchrist, Kyle Singler, Jonas Valančiūnas, Tyler Zeller",All Rookie
2011-12,NBA,1st,"Kenneth Faried, Kyrie Irving, Ricky Rubio, Klay Thompson, Brandon Knight, Kawhi Leonard (T)",All Rookie
2011-12,NBA,2nd,"MarShon Brooks, Chandler Parsons, Isaiah Thomas, Tristan Thompson, Derrick Williams",All Rookie
2010-11,NBA,1st,"DeMarcus Cousins, Landry Fields, Blake Griffin, Gary Neal, John Wall",All Rookie
2010-11,NBA,2nd,"Eric Bledsoe, Derrick Favors, Paul George, Wesley Johnson, Greg Monroe",All Rookie
2009-10,NBA,1st,"Darren Collison, Stephen Curry, Tyreke Evans, Taj Gibson, Brandon Jennings",All Rookie
2009-10,NBA,2nd,"DeJuan Blair, Jonny Flynn, James Harden, Jonas Jerebko, Marcus Thornton",All Rookie
2008-09,NBA,1st,"Michael Beasley, Brook Lopez, O.J. Mayo, Derrick Rose, Russell Westbrook",All Rookie
2008-09,NBA,2nd,"Mario Chalmers, Marc Gasol, Eric Gordon, Kevin Love, D.J. Augustin, Rudy Fernández (T)",All Rookie
2007-08,NBA,1st,"Kevin Durant, Jeff Green, Al Horford, Luis Scola, Al Thornton",All Rookie
2007-08,NBA,2nd,"Carl Landry, Jamario Moon, Juan Carlos Navarro, Rodney Stuckey, Thaddeus Young",All Rookie
2006-07,NBA,1st,"Andrea Bargnani, Randy Foye, Rudy Gay, Brandon Roy, LaMarcus Aldridge, Jorge Garbajosa (T)",All Rookie
2006-07,NBA,2nd,"Paul Millsap, Adam Morrison, Craig Smith, Tyrus Thomas, Walter Herrmann, Rajon Rondo (T)",All Rookie
2005-06,NBA,1st,"Andrew Bogut, Channing Frye, Chris Paul, Charlie Villanueva, Deron Williams",All Rookie
2005-06,NBA,2nd,"Raymond Felton, Ryan Gomes, Danny Granger, Luther Head, Marvin Williams",All Rookie
2004-05,NBA,1st,"Luol Deng, Ben Gordon, Dwight Howard, Andre Iguodala, Emeka Okafor",All Rookie
2004-05,NBA,2nd,"Josh Childress, Al Jefferson, Nenad Krstić, Jameer Nelson, Josh Smith",All Rookie
2003-04,NBA,1st,"Carmelo Anthony, Chris Bosh, Kirk Hinrich, LeBron James, Dwyane Wade",All Rookie
2003-04,NBA,2nd,"Marquis Daniels, T.J. Ford, Udonis Haslem, Jarvis Hayes, Josh Howard",All Rookie
2002-03,NBA,1st,"Caron Butler, Drew Gooden, Nenê Hilário, Yao Ming, Amar'e Stoudemire",All Rookie
2002-03,NBA,2nd,"Carlos Boozer, J.R. Bremer, Manu Ginóbili, Gordan Giriček, Jay Williams",All Rookie
2001-02,NBA,1st,"Shane Battier, Pau Gasol, Andrei Kirilenko, Tony Parker, Jason Richardson",All Rookie
2001-02,NBA,2nd,"Eddie Griffin, Richard Jefferson, Željko Rebrača, Jamaal Tinsley, Joe Johnson, Vladimir Radmanović (T)",All Rookie
2000-01,NBA,1st,"Marc Jackson, Kenyon Martin, Darius Miles, Mike Miller, Morris Peterson",All Rookie
2000-01,NBA,2nd,"Courtney Alexander, Marcus Fizer, Desmond Mason, Chris Mihm, Hedo Türkoğlu",All Rookie
1999-00,NBA,1st,"Elton Brand, Steve Francis, Andre Miller, Lamar Odom, Wally Szczerbiak",All Rookie
1999-00,NBA,2nd,"Metta World Peace, Chucky Atkins, Shawn Marion, James Posey, Jason Terry",All Rookie
1998-99,NBA,1st,"Mike Bibby, Vince Carter, Matt Harpring, Paul Pierce, Jason Williams",All Rookie
1998-99,NBA,2nd,"Michael Dickerson, Michael Doleac, Antawn Jamison, Cuttino Mobley, Michael Olowokandi",All Rookie
1997-98,NBA,1st,"Tim Duncan, Zydrunas Ilgauskas, Brevin Knight, Ron Mercer, Keith Van Horn",All Rookie
1997-98,NBA,2nd,"Derek Anderson, Cedric Henderson, Bobby Jackson, Maurice Taylor, Tim Thomas",All Rookie
1996-97,NBA,1st,"Shareef Abdur-Rahim, Marcus Camby, Allen Iverson, Stephon Marbury, Antoine Walker",All Rookie
1996-97,NBA,2nd,"Ray Allen, Kobe Bryant, Kerry Kittles, Travis Knight, Matt Maloney",All Rookie
1995-96,NBA,1st,"Antonio McDyess, Joe Smith, Jerry Stackhouse, Damon Stoudamire, Michael Finley, Arvydas Sabonis (T)",All Rookie
1995-96,NBA,2nd,"Brent Barry, Tyus Edney, Kevin Garnett, Bryant Reeves, Rasheed Wallace",All Rookie
1994-95,NBA,1st,"Brian Grant, Grant Hill, Eddie Jones, Jason Kidd, Glenn Robinson",All Rookie
1994-95,NBA,2nd,"Juwan Howard, Eric Montross, Wesley Person, Jalen Rose, Donyell Marshall, Sharone Wright (T)",All Rookie
1993-94,NBA,1st,"Vin Baker, Anfernee Hardaway, Jamal Mashburn, Isaiah Rider, Chris Webber",All Rookie
1993-94,NBA,2nd,"Shawn Bradley, Lindsey Hunter, Toni Kukoč, Dino Rađa, Nick Van Exel",All Rookie
1992-93,NBA,1st,"LaPhonso Ellis, Tom Gugliotta, Christian Laettner, Alonzo Mourning, Shaquille O'Neal",All Rookie
1992-93,NBA,2nd,"Richard Dumas, Robert Horry, Latrell Sprewell, Clarence Weatherspoon, Walt Williams",All Rookie
1991-92,NBA,1st,"Stacey Augmon, Larry Johnson, Dikembe Mutombo, Billy Owens, Steve Smith",All Rookie
1991-92,NBA,2nd,"Terrell Brandon, Rick Fox, Mark Macon, Stanley Roberts, Larry Stewart",All Rookie
1990-91,NBA,1st,"Dee Brown, Derrick Coleman, Kendall Gill, Dennis Scott, Lionel Simmons",All Rookie
1990-91,NBA,2nd,"Mahmoud Abdul-Rauf, Willie Burton, Travis Mays, Gary Payton, Felton Spencer",All Rookie
1989-90,NBA,1st,"Vlade Divac, Sherman Douglas, Tim Hardaway, Pooh Richardson, David Robinson",All Rookie
1989-90,NBA,2nd,"Blue Edwards, Sean Elliott, Stacey King, J.R. Reid, Glen Rice",All Rookie
1988-89,NBA,1st,"Willie Anderson, Hersey Hawkins, Mitch Richmond, Charles Smith, Rik Smits",All Rookie
1988-89,NBA,2nd,"Rex Chapman, Kevin Edwards, Chris Morris, Brian Shaw, Rod Strickland",All Rookie
1987-88,NBA,1st,"Greg Anderson, Armen Gilliam, Mark Jackson, Derrick McKey, Kenny Smith",All Rookie
1986-87,NBA,1st,"Brad Daugherty, Ron Harper, Chuck Person, Roy Tarpley, Hot Rod Williams",All Rookie
1985-86,NBA,1st,"Joe Dumars, Patrick Ewing, Karl Malone, Xavier McDaniel, Charles Oakley",All Rookie
1984-85,NBA,1st,"Charles Barkley, Sam Bowie, Michael Jordan, Hakeem Olajuwon, Sam Perkins",All Rookie
1983-84,NBA,1st,"Jeff Malone, Ralph Sampson, Byron Scott, Steve Stipanovich, Thurl Bailey, Darrell Walker (T)",All Rookie
1982-83,NBA,1st,"Terry Cummings, Quintin Dailey, Clark Kellogg, Dominique Wilkins, James Worthy",All Rookie
1981-82,NBA,1st,"Jeff Ruland, Isiah Thomas, Kelly Tripucka, Jay Vincent, Buck Williams",All Rookie
1980-81,NBA,1st,"Joe Barry Carroll, Darrell Griffith, Kevin McHale, Kelvin Ransey, Larry Smith",All Rookie
1979-80,NBA,1st,"Larry Bird, Bill Cartwright, Dave Greenwood, Magic Johnson, Calvin Natt",All Rookie
1978-79,NBA,1st,"Ron Brewer, Phil Ford, Reggie Theus, Mychal Thompson, Terry Tyler",All Rookie
1977-78,NBA,1st,"Walter Davis, Marques Johnson, Bernard King, Norm Nixon, Jack Sikma",All Rookie
1976-77,NBA,1st,"Adrian Dantley, Mitch Kupchak, Ron Lee, John Lucas, Scott May",All Rookie
1975-76,NBA,1st,"Alvan Adams, Lionel Hollins, Joe Meriweather, John Shumate, Gus Williams",All Rookie
1975-76,ABA,1st,"Ticky Burden, M.L. Carr, Kim Hughes, Mark Olberding, David Thompson",All Rookie
1974-75,NBA,1st,"Tom Burleson, John Drew, Scott Wedman, Jamaal Wilkes, Brian Winters",All Rookie
1974-75,ABA,1st,"Marvin Barnes, Gus Gerard, Bobby Jones, Billy Knight, Moses Malone",All Rookie
1973-74,NBA,1st,"Mike Bantom, Ron Behagen, John Brown, Ernie DiGregorio, Nick Weatherspoon",All Rookie
1973-74,ABA,1st,"Mike Green, Larry Kenon, Bo Lamar, Swen Nater, John Williamson",All Rookie
1972-73,NBA,1st,"Freddie Boyd, Dwight Davis, Bob McAdoo, Lloyd Neal, Jim Price",All Rookie
1972-73,ABA,1st,"Jim Chones, George Gervin, James Silas, Brian Taylor, Dennis Wuycik",All Rookie
1971-72,NBA,1st,"Austin Carr, Phil Chenier, Clifford Ray, Elmore Smith, Sidney Wicks",All Rookie
1971-72,ABA,1st,"Julius Erving, Artis Gilmore, George McGinnis, Johnny Neumann, John Roche",All Rookie
1970-71,NBA,1st,"Dave Cowens, Bob Lanier, Pete Maravich, Calvin Murphy, Geoff Petrie",All Rookie
1970-71,ABA,1st,"Joe Hamilton, Dan Issel, Wendell Ladner, Sam Robinson, Charlie Scott",All Rookie
1969-70,NBA,1st,"Kareem Abdul-Jabbar, Bob Dandridge, Mike Davis, Dick Garrett, Jo Jo White",All Rookie
1969-70,ABA,1st,"Mike Barrett, John Brisker, Mack Calvin, Spencer Haywood, Willie Wise",All Rookie
1968-69,NBA,1st,"Gary Gregor, Art Harris, Elvin Hayes, Bill Hewitt, Wes Unseld",All Rookie
1968-69,ABA,1st,"Ron Boone, Warren Jabali, Larry Miller, Gene Moore, Walt Piatkowski",All Rookie
1967-68,NBA,1st,"Walt Frazier, Phil Jackson, Earl Monroe, Bob Rule, Al Tucker",All Rookie
1967-68,ABA,1st,"Louie Dampier, Mel Daniels, Jimmy Jones, Bob Netolicky, Trooper Washington",All Rookie
1966-67,NBA,1st,"Dave Bing, Lou Hudson, Jack Marin, Erwin Mueller, Cazzie Russell",All Rookie
1965-66,NBA,1st,"Rick Barry, Billy Cunningham, Fred Hetzel, Dick Van Arsdale, Tom Van Arsdale",All Rookie
1964-65,NBA,1st,"Jim Barnes, Luke Jackson, Howard Komives, Willis Reed, Joe Caldwell, Wali Jones (T)",All Rookie
1963-64,NBA,1st,"Art Heyman, Gus Johnson, Jerry Lucas, Rod Thorn, Nate Thurmond",All Rookie
1962-63,NBA,1st,"Zelmo Beaty, Dave DeBusschere, Terry Dischinger, John Havlicek, Chet Walker",All Rookie
2022-23,NBA,1st,"Alex Caruso, Jrue Holiday, Jaren Jackson, Brook Lopez, Evan Mobley",All Defensive
2022-23,NBA,2nd,"Bam Adebayo, OG Anunoby, Dillon Brooks, Draymond Green, Derrick White",All Defensive
2021-22,NBA,1st,"Giannis Antetokounmpo, Mikal Bridges, Rudy Gobert, Jaren Jackson, Marcus Smart",All Defensive
2021-22,NBA,2nd,"Bam Adebayo, Draymond Green, Jrue Holiday, Matisse Thybulle, Robert Williams",All Defensive
2020-21,NBA,1st,"Rudy Gobert, Ben Simmons, Draymond Green, Jrue Holiday, Giannis Antetokounmpo",All Defensive
2020-21,NBA,2nd,"Bam Adebayo, Jimmy Butler, Joel Embiid, Matisse Thybulle, Kawhi Leonard",All Defensive
2019-20,NBA,1st,"Giannis Antetokounmpo, Anthony Davis, Ben Simmons, Rudy Gobert, Marcus Smart",All Defensive
2019-20,NBA,2nd,"Kawhi Leonard, Brook Lopez, Bam Adebayo, Patrick Beverley, Eric Bledsoe",All Defensive
2018-19,NBA,1st,"Rudy Gobert, Paul George, Giannis Antetokounmpo, Marcus Smart, Eric Bledsoe",All Defensive
2018-19,NBA,2nd,"Jrue Holiday, Klay Thompson, Joel Embiid, Draymond Green, Kawhi Leonard",All Defensive
2017-18,NBA,1st,"Rudy Gobert, Anthony Davis, Victor Oladipo, Robert Covington, Jrue Holiday",All Defensive
2017-18,NBA,2nd,"Joel Embiid, Draymond Green, Al Horford, Dejounte Murray, Jimmy Butler",All Defensive
2016-17,NBA,1st,"Kawhi Leonard, Draymond Green, Rudy Gobert, Patrick Beverley, Chris Paul",All Defensive
2016-17,NBA,2nd,"Tony Allen, Danny Green, Andre Roberson, Anthony Davis, Giannis Antetokounmpo",All Defensive
2015-16,NBA,1st,"Kawhi Leonard, Draymond Green, DeAndre Jordan, Avery Bradley, Chris Paul",All Defensive
2015-16,NBA,2nd,"Paul Millsap, Paul George, Hassan Whiteside, Tony Allen, Jimmy Butler",All Defensive
2014-15,NBA,1st,"Kawhi Leonard, Draymond Green, Tony Allen, DeAndre Jordan, Chris Paul",All Defensive
2014-15,NBA,2nd,"Anthony Davis, Jimmy Butler, Andrew Bogut, John Wall, Tim Duncan",All Defensive
2013-14,NBA,1st,"Joakim Noah, Paul George, Chris Paul, Serge Ibaka, Andre Iguodala",All Defensive
2013-14,NBA,2nd,"LeBron James, Patrick Beverley, Jimmy Butler, Kawhi Leonard, Roy Hibbert",All Defensive
2012-13,NBA,1st,"Tony Allen, Serge Ibaka, LeBron James, Chris Paul, Tyson Chandler, Joakim Noah (T)",All Defensive
2012-13,NBA,2nd,"Avery Bradley, Mike Conley, Tim Duncan, Marc Gasol, Paul George",All Defensive
2011-12,NBA,1st,"Tony Allen, Dwight Howard, Serge Ibaka, LeBron James, Chris Paul",All Defensive
2011-12,NBA,2nd,"Kobe Bryant, Tyson Chandler, Luol Deng, Kevin Garnett, Rajon Rondo",All Defensive
2010-11,NBA,1st,"Kobe Bryant, Kevin Garnett, Dwight Howard, LeBron James, Rajon Rondo",All Defensive
2010-11,NBA,2nd,"Tony Allen, Tyson Chandler, Andre Iguodala, Joakim Noah, Chris Paul",All Defensive
2009-10,NBA,1st,"Kobe Bryant, Dwight Howard, LeBron James, Rajon Rondo, Gerald Wallace",All Defensive
2009-10,NBA,2nd,"Tim Duncan, Thabo Sefolosha, Josh Smith, Anderson Varejão, Dwyane Wade",All Defensive
2008-09,NBA,1st,"Kobe Bryant, Kevin Garnett, Dwight Howard, LeBron James, Chris Paul",All Defensive
2008-09,NBA,2nd,"Metta World Peace, Shane Battier, Tim Duncan, Rajon Rondo, Dwyane Wade",All Defensive
2007-08,NBA,1st,"Bruce Bowen, Kobe Bryant, Marcus Camby, Tim Duncan, Kevin Garnett",All Defensive
2007-08,NBA,2nd,"Shane Battier, Raja Bell, Dwight Howard, Chris Paul, Tayshaun Prince",All Defensive
2006-07,NBA,1st,"Raja Bell, Bruce Bowen, Kobe Bryant, Marcus Camby, Tim Duncan",All Defensive
2006-07,NBA,2nd,"Kevin Garnett, Kirk Hinrich, Jason Kidd, Tayshaun Prince, Ben Wallace",All Defensive
2005-06,NBA,1st,"Metta World Peace, Bruce Bowen, Andrei Kirilenko, Ben Wallace, Kobe Bryant, Jason Kidd (T)",All Defensive
2005-06,NBA,2nd,"Chauncey Billups, Marcus Camby, Tim Duncan, Kevin Garnett, Tayshaun Prince",All Defensive
2004-05,NBA,1st,"Bruce Bowen, Tim Duncan, Kevin Garnett, Larry Hughes, Ben Wallace",All Defensive
2004-05,NBA,2nd,"Chauncey Billups, Marcus Camby, Andrei Kirilenko, Tayshaun Prince, Jason Kidd, Dwyane Wade (T)",All Defensive
2003-04,NBA,1st,"Metta World Peace, Bruce Bowen, Kobe Bryant, Kevin Garnett, Ben Wallace",All Defensive
2003-04,NBA,2nd,"Doug Christie, Tim Duncan, Jason Kidd, Andrei Kirilenko, Theo Ratliff",All Defensive
2002-03,NBA,1st,"Kobe Bryant, Doug Christie, Tim Duncan, Kevin Garnett, Ben Wallace",All Defensive
2002-03,NBA,2nd,"Metta World Peace, Bruce Bowen, Jason Kidd, Shaquille O'Neal, Eric Snow",All Defensive
2001-02,NBA,1st,"Tim Duncan, Kevin Garnett, Jason Kidd, Gary Payton, Ben Wallace",All Defensive
2001-02,NBA,2nd,"Bruce Bowen, Kobe Bryant, Doug Christie, Dikembe Mutombo, Clifford Robinson",All Defensive
2000-01,NBA,1st,"Tim Duncan, Kevin Garnett, Jason Kidd, Dikembe Mutombo, Gary Payton",All Defensive
2000-01,NBA,2nd,"Bruce Bowen, P.J. Brown, Kobe Bryant, Doug Christie, Shaquille O'Neal",All Defensive
1999-00,NBA,1st,"Kobe Bryant, Tim Duncan, Kevin Garnett, Alonzo Mourning, Gary Payton",All Defensive
1999-00,NBA,2nd,"Eddie Jones, Jason Kidd, Shaquille O'Neal, Scottie Pippen, Clifford Robinson",All Defensive
1998-99,NBA,1st,"Tim Duncan, Jason Kidd, Alonzo Mourning, Gary Payton, Karl Malone, Scottie Pippen (T)",All Defensive
1998-99,NBA,2nd,"Mookie Blaylock, P.J. Brown, Eddie Jones, Dikembe Mutombo, Theo Ratliff",All Defensive
1997-98,NBA,1st,"Michael Jordan, Karl Malone, Dikembe Mutombo, Gary Payton, Scottie Pippen",All Defensive
1997-98,NBA,2nd,"Mookie Blaylock, Tim Duncan, Eddie Jones, Charles Oakley, David Robinson",All Defensive
1996-97,NBA,1st,"Michael Jordan, Karl Malone, Dikembe Mutombo, Gary Payton, Scottie Pippen",All Defensive
1996-97,NBA,2nd,"Mookie Blaylock, P.J. Brown, Anthony Mason, Hakeem Olajuwon, John Stockton",All Defensive
1995-96,NBA,1st,"Michael Jordan, Gary Payton, Scottie Pippen, David Robinson, Dennis Rodman",All Defensive
1995-96,NBA,2nd,"Mookie Blaylock, Horace Grant, Derrick McKey, Hakeem Olajuwon, Bobby Phills",All Defensive
1994-95,NBA,1st,"Mookie Blaylock, Gary Payton, Scottie Pippen, David Robinson, Dennis Rodman",All Defensive
1994-95,NBA,2nd,"Horace Grant, Derrick McKey, Nate McMillan, Dikembe Mutombo, John Stockton",All Defensive
1993-94,NBA,1st,"Mookie Blaylock, Charles Oakley, Hakeem Olajuwon, Gary Payton, Scottie Pippen",All Defensive
1993-94,NBA,2nd,"Horace Grant, Nate McMillan, David Robinson, Dennis Rodman, Latrell Sprewell",All Defensive
1992-93,NBA,1st,"Joe Dumars, Michael Jordan, Hakeem Olajuwon, Scottie Pippen, Dennis Rodman",All Defensive
1992-93,NBA,2nd,"Horace Grant, Dan Majerle, Larry Nance, David Robinson, John Starks",All Defensive
1991-92,NBA,1st,"Joe Dumars, Michael Jordan, Scottie Pippen, David Robinson, Dennis Rodman",All Defensive
1991-92,NBA,2nd,"Patrick Ewing, Larry Nance, John Stockton, Buck Williams, Micheal Williams",All Defensive
1990-91,NBA,1st,"Michael Jordan, Alvin Robertson, David Robinson, Dennis Rodman, Buck Williams",All Defensive
1990-91,NBA,2nd,"Joe Dumars, Dan Majerle, Hakeem Olajuwon, Scottie Pippen, John Stockton",All Defensive
1989-90,NBA,1st,"Joe Dumars, Michael Jordan, Hakeem Olajuwon, Dennis Rodman, Buck Williams",All Defensive
1989-90,NBA,2nd,"Derek Harper, Rick Mahorn, Kevin McHale, Alvin Robertson, David Robinson",All Defensive
1988-89,NBA,1st,"Joe Dumars, Mark Eaton, Michael Jordan, Larry Nance, Dennis Rodman",All Defensive
1988-89,NBA,2nd,"Patrick Ewing, A.C. Green, Kevin McHale, Alvin Robertson, John Stockton",All Defensive
1987-88,NBA,1st,"Michael Cooper, Michael Jordan, Rodney McCray, Kevin McHale, Hakeem Olajuwon",All Defensive
1987-88,NBA,2nd,"Fat Lever, Karl Malone, Alvin Robertson, Buck Williams, Mark Eaton, Patrick Ewing (T)",All Defensive
1986-87,NBA,1st,"Michael Cooper, Dennis Johnson, Kevin McHale, Hakeem Olajuwon, Alvin Robertson",All Defensive
1986-87,NBA,2nd,"Maurice Cheeks, Mark Eaton, Derek Harper, Rodney McCray, Paul Pressey",All Defensive
1985-86,NBA,1st,"Maurice Cheeks, Mark Eaton, Kevin McHale, Sidney Moncrief, Paul Pressey",All Defensive
1985-86,NBA,2nd,"Manute Bol, Michael Cooper, Bill Hanzlik, Dennis Johnson, Alvin Robertson",All Defensive
1984-85,NBA,1st,"Maurice Cheeks, Michael Cooper, Mark Eaton, Sidney Moncrief, Paul Pressey",All Defensive
1984-85,NBA,2nd,"T.R. Dunn, Dennis Johnson, Bobby Jones, Hakeem Olajuwon, Danny Vranes",All Defensive
1983-84,NBA,1st,"Maurice Cheeks, Michael Cooper, Bobby Jones, Sidney Moncrief, Tree Rollins",All Defensive
1983-84,NBA,2nd,"Kareem Abdul-Jabbar, Larry Bird, T.R. Dunn, Dennis Johnson, Dan Roundfield",All Defensive
1982-83,NBA,1st,"Bobby Jones, Moses Malone, Sidney Moncrief, Dan Roundfield, Maurice Cheeks, Dennis Johnson (T)",All Defensive
1982-83,NBA,2nd,"Larry Bird, Michael Cooper, T.R. Dunn, Kevin McHale, Tree Rollins",All Defensive
1981-82,NBA,1st,"Michael Cooper, Dennis Johnson, Bobby Jones, Caldwell Jones, Dan Roundfield",All Defensive
1981-82,NBA,2nd,"Larry Bird, Quinn Buckner, Sidney Moncrief, Lonnie Shelton, Jack Sikma",All Defensive
1980-81,NBA,1st,"Kareem Abdul-Jabbar, Dennis Johnson, Bobby Jones, Caldwell Jones, Micheal Ray Richardson",All Defensive
1980-81,NBA,2nd,"Quinn Buckner, George Johnson, Dan Roundfield, Kermit Washington, Dudley Bradley, Michael Cooper (T)",All Defensive
1979-80,NBA,1st,"Kareem Abdul-Jabbar, Dennis Johnson, Bobby Jones, Dan Roundfield, Don Buse, Micheal Ray Richardson (T)",All Defensive
1979-80,NBA,2nd,"Quinn Buckner, Dave Cowens, Eddie Johnson, Kermit Washington, Scott Wedman",All Defensive
1978-79,NBA,1st,"Kareem Abdul-Jabbar, Don Buse, Bob Dandridge, Dennis Johnson, Bobby Jones",All Defensive
1978-79,NBA,2nd,"M.L. Carr, Lionel Hollins, Eddie Johnson, Maurice Lucas, Moses Malone",All Defensive
1977-78,NBA,1st,"Don Buse, Lionel Hollins, Bobby Jones, Maurice Lucas, Bill Walton",All Defensive
1977-78,NBA,2nd,"Quinn Buckner, E.C. Coleman, Bob Gross, Norm Van Lier, Kareem Abdul-Jabbar, Artis Gilmore (T)",All Defensive
1976-77,NBA,1st,"Don Buse, E.C. Coleman, Bobby Jones, Norm Van Lier, Bill Walton",All Defensive
1976-77,NBA,2nd,"Kareem Abdul-Jabbar, Jim Brewer, Don Chaney, Brian Taylor, Jamaal Wilkes",All Defensive
1975-76,NBA,1st,"Dave Cowens, John Havlicek, Paul Silas, Norm Van Lier, Slick Watts",All Defensive
1975-76,NBA,2nd,"Kareem Abdul-Jabbar, Jim Brewer, Jim Cleamons, Phil Smith, Jamaal Wilkes",All Defensive
1975-76,ABA,1st,"Don Buse, Julius Erving, Artis Gilmore, Bobby Jones, Brian Taylor",All Defensive
1974-75,NBA,1st,"Kareem Abdul-Jabbar, Walt Frazier, John Havlicek, Paul Silas, Jerry Sloan",All Defensive
1974-75,NBA,2nd,"Don Chaney, Dave Cowens, Elvin Hayes, Bob Love, Norm Van Lier",All Defensive
1974-75,ABA,1st,"Don Buse, Artis Gilmore, Bobby Jones, Wil Jones, Brian Taylor",All Defensive
1973-74,NBA,1st,"Kareem Abdul-Jabbar, Dave DeBusschere, John Havlicek, Norm Van Lier, Walt Frazier, Jerry Sloan (T)",All Defensive
1973-74,NBA,2nd,"Don Chaney, Elvin Hayes, Bob Love, Nate Thurmond, Jim Price, Dick Van Arsdale (T)",All Defensive
1973-74,ABA,1st,"Artis Gilmore, Julius Keye, Ted McClain, Willie Wise, Mike Gale, Fatty Taylor (T)",All Defensive
1972-73,NBA,1st,"Wilt Chamberlain, Dave DeBusschere, Walt Frazier, John Havlicek, Jerry West",All Defensive
1972-73,NBA,2nd,"Don Chaney, Mike Riordan, Paul Silas, Nate Thurmond, Norm Van Lier",All Defensive
1972-73,ABA,1st,"Mike Gale, Artis Gilmore, Fatty Taylor, Willie Wise, Joe Caldwell, Julius Keye (T)",All Defensive
1971-72,NBA,1st,"Wilt Chamberlain, Dave DeBusschere, John Havlicek, Jerry West, Walt Frazier, Jerry Sloan (T)",All Defensive
1971-72,NBA,2nd,"Don Chaney, Bob Love, Paul Silas, Nate Thurmond, Norm Van Lier",All Defensive
1970-71,NBA,1st,"Dave DeBusschere, Walt Frazier, Gus Johnson, Nate Thurmond, Jerry West",All Defensive
1970-71,NBA,2nd,"Kareem Abdul-Jabbar, John Havlicek, Paul Silas, Jerry Sloan, Norm Van Lier",All Defensive
1969-70,NBA,1st,"Dave DeBusschere, Walt Frazier, Gus Johnson, Willis Reed, Jerry West",All Defensive
1969-70,NBA,2nd,"Kareem Abdul-Jabbar, Bill Bridges, Joe Caldwell, John Havlicek, Jerry Sloan",All Defensive
1968-69,NBA,1st,"Dave DeBusschere, Walt Frazier, Bill Russell, Jerry Sloan, Nate Thurmond",All Defensive
1968-69,NBA,2nd,"Bill Bridges, John Havlicek, Rudy LaRusso, Tom Sanders, Jerry West",All Defensive
